energy,cubicRoot,strain,alphaJutzi,pressure
1049.945000,1.000000,0.000000,1.000000,-2289421000.000000
2640.206000,1.000000,0.000000,1.000000,-6577442000.000000
625.547600,1.000000,0.000000,1.000000,-929210000.000000
1637.037000,1.000000,0.000000,1.000000,-2487807000.000000
1470.243000,1.000000,0.000000,1.000000,-6662713000.000000
2193.765000,1.000000,0.000000,1.000000,-2329224000.000000
1969.343000,1.000000,0.000000,1.000000,-6410705000.000000
837.814800,1.000000,0.000000,1.000000,-1131395000.000000
1391.833000,1.000000,0.000000,1.000000,-1338328000.000000
127049.200000,1.000000,0.000000,1.000000,-4526087000.000000
332.768400,1.000000,0.000000,1.000000,-1802583000.000000
1224.193000,1.000000,0.000000,1.000000,-1725639000.000000
330.068700,1.000000,0.000000,1.000000,-919495400.000000
444.454600,1.000000,0.000000,1.000000,-1358135000.000000
12112.840000,1.000000,0.000000,1.000000,-5630015000.000000
416.965600,1.000000,0.000000,1.000000,-894345300.000000
135.848600,1.000000,0.000000,1.000000,-778985100.000000
6617.349000,1.000000,0.000000,1.000000,-4703545000.000000
3634.163000,1.000000,0.000000,1.000000,-6308301000.000000
401.118000,1.000000,0.000000,1.000000,-2107612000.000000
971.489600,1.000000,0.000000,1.000000,-1127532000.000000
629837.800000,1.000000,0.000000,1.000000,-4640965000.000000
1048.259000,1.000000,0.000000,1.000000,-2291346000.000000
484.045900,1.000000,0.000000,1.000000,-2651405000.000000
165.440100,1.000000,0.000000,1.000000,-1310441000.000000
94006.560000,1.000000,0.000000,1.000000,-6264997000.000000
256.662000,1.000000,0.000000,1.000000,-1500281000.000000
21657.700000,1.000000,0.000000,1.000000,-5966027000.000000
2885.331000,1.000000,0.000000,1.000000,-6553175000.000000
2444.231000,1.000000,0.000000,1.000000,-6649071000.000000
2399.797000,1.000000,0.000000,1.000000,-6665084000.000000
992.311100,1.000000,0.000000,1.000000,-2505629000.000000
104962.600000,1.000000,0.000000,1.000000,-6090617000.000000
8210.660000,1.000000,0.000000,1.000000,-5664522000.000000
369.403800,1.000000,0.000000,1.000000,-1783223000.000000
780.109200,1.000000,0.000000,1.000000,-2331208000.000000
491.378100,1.000000,0.000000,1.000000,-737918100.000000
1025.967000,1.000000,0.000000,1.000000,-2748121000.000000
461.842500,1.000000,0.000000,1.000000,-2290397000.000000
4347.885000,1.000000,0.000000,1.000000,-6505766000.000000
1435.151000,1.000000,0.000000,1.000000,-6260152000.000000
999.579600,1.000000,0.000000,1.000000,-1096900000.000000
7765.863000,1.000000,0.000000,1.000000,-2966157000.000000
753.347400,1.000000,0.000000,1.000000,-1510631000.000000
6394.993000,1.000000,0.000000,1.000000,-2232789000.000000
1138.494000,1.000000,0.000000,1.000000,-5170716000.000000
1899.585000,1.000000,0.000000,1.000000,-1914096000.000000
1767.509000,1.000000,0.000000,1.000000,-3741432000.000000
736.111300,1.000000,0.000000,1.000000,-6671934000.000000
729.980200,1.000000,0.000000,1.000000,-1649173000.000000
1027.624000,1.000000,0.000000,1.000000,-888999100.000000
3296.435000,1.000000,0.000000,1.000000,-2675153000.000000
9261.663000,1.000000,0.000000,1.000000,-6649972000.000000
72417.910000,1.000000,0.000000,1.000000,-4492110000.000000
1337.093000,1.000000,0.000000,1.000000,-5213044000.000000
1287.333000,1.000000,0.000000,1.000000,-1714053000.000000
2561.959000,1.000000,0.000000,1.000000,-5626554000.000000
2571.195000,1.000000,0.000000,1.000000,-6636275000.000000
956.983100,1.000000,0.000000,1.000000,-1599136000.000000
290.856300,1.000000,0.000000,1.000000,-1419658000.000000
6884.035000,1.000000,0.000000,1.000000,-465862100.000000
1048.370000,1.000000,0.000000,1.000000,-2768268000.000000
311.213400,1.000000,0.000000,1.000000,-1110869000.000000
4820.049000,1.000000,0.000000,1.000000,-3952325000.000000
268.838900,1.000000,0.000000,1.000000,-1031316000.000000
1044.564000,1.000000,0.000000,1.000000,-830538000.000000
369.459300,1.000000,0.000000,1.000000,-908131500.000000
1156.031000,1.000000,0.000000,1.000000,-1372432000.000000
625.389800,1.000000,0.000000,1.000000,-4306613000.000000
24075.210000,1.000000,0.000000,1.000000,-5194661000.000000
792.011800,1.000000,0.000000,1.000000,-1743790000.000000
283.653200,1.000000,0.000000,1.000000,-2344922000.000000
763.750800,1.000000,0.000000,1.000000,-2796966000.000000
27547.930000,1.000000,0.000000,1.000000,-6039183000.000000
387.156300,1.000000,0.000000,1.000000,-722036400.000000
3557.213000,1.000000,0.000000,1.000000,-5846140000.000000
1819.152000,1.000000,0.000000,1.000000,-6572145000.000000
2226.664000,1.000000,0.000000,1.000000,-5762265000.000000
367.921400,1.000000,0.000000,1.000000,-931515100.000000
3462.671000,1.000000,0.000000,1.000000,-6665369000.000000
8487.470000,1.000000,0.000000,1.000000,-6643068000.000000
3018.440000,1.000000,0.000000,1.000000,-6368502000.000000
66805.950000,1.000000,0.000000,1.000000,-6329553000.000000
2715.627000,1.000000,0.000000,1.000000,-3125004000.000000
2954.383000,1.000000,0.000000,1.000000,-6642364000.000000
2696.432000,1.000000,0.000000,1.000000,-1617476000.000000
1693.995000,1.000000,0.000000,1.000000,-3305861000.000000
265.049200,1.000000,0.000000,1.000000,-1178035000.000000
41596.100000,1.000000,0.000000,1.000000,-6551679000.000000
81053.400000,1.000000,0.000000,1.000000,-6180625000.000000
13832.220000,1.000000,0.000000,1.000000,-4925503000.000000
346793.100000,1.000000,0.000000,1.000000,-4580877000.000000
5667.370000,1.000000,0.000000,1.000000,-4313684000.000000
1105.918000,1.000000,0.000000,1.000000,-5888115000.000000
15455.330000,1.000000,0.000000,1.000000,-1712333000.000000
374.761200,1.000000,0.000000,1.000000,-2359422000.000000
15943.900000,1.000000,0.000000,1.000000,-5642911000.000000
737.568100,1.000000,0.000000,1.000000,-2033258000.000000
235.384000,1.000000,0.000000,1.000000,-1555393000.000000
300.207000,1.000000,0.000000,1.000000,-2266838000.000000
971.147800,1.000000,0.000000,1.000000,-6671937000.000000
174301.800000,1.000000,0.000000,1.000000,-4707545000.000000
4000.845000,1.000000,0.000000,1.000000,-5242881000.000000
5434.532000,1.000000,0.000000,1.000000,-6596530000.000000
1219.850000,1.000000,0.000000,1.000000,-2086915000.000000
167.924100,1.000000,0.000000,1.000000,-677624100.000000
415.500800,1.000000,0.000000,1.000000,-1982279000.000000
1176.475000,1.000000,0.000000,1.000000,-5977753000.000000
742.818100,1.000000,0.000000,1.000000,-2476699000.000000
24336.550000,1.000000,0.000000,1.000000,-4754624000.000000
1265.233000,1.000000,0.000000,1.000000,-3749450000.000000
7085.035000,1.000000,0.000000,1.000000,-553305400.000000
5255.888000,1.000000,0.000000,1.000000,-6360737000.000000
416.377800,1.000000,0.000000,1.000000,-1362078000.000000
1013.808000,1.000000,0.000000,1.000000,-2823975000.000000
5322.640000,1.000000,0.000000,1.000000,-6571887000.000000
375.731800,1.000000,0.000000,1.000000,-1943699000.000000
1392.332000,1.000000,0.000000,1.000000,-5642694000.000000
3082.952000,1.000000,0.000000,1.000000,-4469794000.000000
726.586800,1.000000,0.000000,1.000000,-4259091000.000000
1197.885000,1.000000,0.000000,1.000000,-6671491000.000000
2978.391000,1.000000,0.000000,1.000000,-3931112000.000000
3751.185000,1.000000,0.000000,1.000000,-4870769000.000000
7093.395000,1.000000,0.000000,1.000000,-4901140000.000000
5701.100000,1.000000,0.000000,1.000000,-2709024000.000000
192623.900000,1.000000,0.000000,1.000000,-5499456000.000000
2846.120000,1.000000,0.000000,1.000000,-3921424000.000000
1960.951000,1.000000,0.000000,1.000000,-4096791000.000000
1043.897000,1.000000,0.000000,1.000000,-5107666000.000000
6260.342000,1.000000,0.000000,1.000000,-2288020000.000000
692.210500,1.000000,0.000000,1.000000,-1012286000.000000
545.860700,1.000000,0.000000,1.000000,-1476941000.000000
574.994300,1.000000,0.000000,1.000000,-3954414000.000000
2262.105000,1.000000,0.000000,1.000000,-3682917000.000000
12057.670000,1.000000,0.000000,1.000000,-6315565000.000000
758.947800,1.000000,0.000000,1.000000,-3731364000.000000
2011.738000,1.000000,0.000000,1.000000,-3869682000.000000
13363.200000,1.000000,0.000000,1.000000,-5739643000.000000
684.677100,1.000000,0.000000,1.000000,-6637574000.000000
2049.892000,1.000000,0.000000,1.000000,-6624596000.000000
714.314200,1.000000,0.000000,1.000000,-2064202000.000000
3971.299000,1.000000,0.000000,1.000000,-6477897000.000000
1518.230000,1.000000,0.000000,1.000000,-6271700000.000000
1266.852000,1.000000,0.000000,1.000000,-4591357000.000000
4034.157000,1.000000,0.000000,1.000000,-896729100.000000
1760.610000,1.000000,0.000000,1.000000,-2376061000.000000
3339.985000,1.000000,0.000000,1.000000,-234457800.000000
744.218700,1.000000,0.000000,1.000000,-2893355000.000000
13248.480000,1.000000,0.000000,1.000000,-6633615000.000000
1984.394000,1.000000,0.000000,1.000000,-6651981000.000000
1651.322000,1.000000,0.000000,1.000000,-1121531000.000000
102.428300,1.000000,0.000000,1.000000,-513716100.000000
1250.174000,1.000000,0.000000,1.000000,-2534966000.000000
2792.324000,1.000000,0.000000,1.000000,-6621908000.000000
1500.985000,1.000000,0.000000,1.000000,-360390700.000000
2179.805000,1.000000,0.000000,1.000000,-1969866000.000000
85102.170000,1.000000,0.000000,1.000000,-5153920000.000000
1841.555000,1.000000,0.000000,1.000000,-2022145000.000000
1970.590000,1.000000,0.000000,1.000000,-3989971000.000000
1681.535000,1.000000,0.000000,1.000000,-4926787000.000000
1034.665000,1.000000,0.000000,1.000000,-3322066000.000000
1821.807000,1.000000,0.000000,1.000000,-967555800.000000
3526.613000,1.000000,0.000000,1.000000,-2947185000.000000
7611.008000,1.000000,0.000000,1.000000,-5335320000.000000
3227.027000,1.000000,0.000000,1.000000,-1365896000.000000
1383.245000,1.000000,0.000000,1.000000,-5288543000.000000
1025373.000000,1.000000,0.000000,1.000000,-4004866000.000000
1350.762000,1.000000,0.000000,1.000000,-2821930000.000000
11269.560000,1.000000,0.000000,1.000000,-6097252000.000000
971.992500,1.000000,0.000000,1.000000,-5132077000.000000
14466.740000,1.000000,0.000000,1.000000,-6560794000.000000
1758.094000,1.000000,0.000000,1.000000,-807961200.000000
409.309400,1.000000,0.000000,1.000000,-1184474000.000000
9768.658000,1.000000,0.000000,1.000000,-3452884000.000000
12097.400000,1.000000,0.000000,1.000000,-5003613000.000000
554.201000,1.000000,0.000000,1.000000,-2211325000.000000
347.586800,1.000000,0.000000,1.000000,-1198540000.000000
8044.202000,1.000000,0.000000,1.000000,-5157194000.000000
5917.707000,1.000000,0.000000,1.000000,-2535464000.000000
11581.610000,1.000000,0.000000,1.000000,-3696596000.000000
4824.777000,1.000000,0.000000,1.000000,-1260255000.000000
650.594500,1.000000,0.000000,1.000000,-877144700.000000
198.470700,1.000000,0.000000,1.000000,-1562806000.000000
6910.363000,1.000000,0.000000,1.000000,-6633447000.000000
2846.622000,1.000000,0.000000,1.000000,-340490300.000000
1422.044000,1.000000,0.000000,1.000000,-2463587000.000000
1504.345000,1.000000,0.000000,1.000000,-4817747000.000000
1277.112000,1.000000,0.000000,1.000000,-1393259000.000000
4672.408000,1.000000,0.000000,1.000000,-4962914000.000000
13254.830000,1.000000,0.000000,1.000000,-6126072000.000000
993.554500,1.000000,0.000000,1.000000,-2507283000.000000
425857.100000,1.000000,0.000000,1.000000,-4004979000.000000
588.928900,1.000000,0.000000,1.000000,-3060625000.000000
4838.516000,1.000000,0.000000,1.000000,-5437870000.000000
614.503900,1.000000,0.000000,1.000000,-1650366000.000000
1760.186000,1.000000,0.000000,1.000000,-2118117000.000000
32895.430000,1.000000,0.000000,1.000000,-5555347000.000000
2063.048000,1.000000,0.000000,1.000000,-1998775000.000000
435.717900,1.000000,0.000000,1.000000,-1090550000.000000
101205.600000,1.000000,0.000000,1.000000,-4419300000.000000
277.179800,1.000000,0.000000,1.000000,-1303164000.000000
1232.521000,1.000000,0.000000,1.000000,-6402619000.000000
6539.015000,1.000000,0.000000,1.000000,-5043172000.000000
4431.091000,1.000000,0.000000,1.000000,-4659078000.000000
2070.502000,1.000000,0.000000,1.000000,-4276859000.000000
443.949900,1.000000,0.000000,1.000000,-2197961000.000000
281036.700000,1.000000,0.000000,1.000000,-3809849000.000000
466.762800,1.000000,0.000000,1.000000,-2152574000.000000
1040.083000,1.000000,0.000000,1.000000,-4222586000.000000
635.361100,1.000000,0.000000,1.000000,-3822592000.000000
1061.538000,1.000000,0.000000,1.000000,-2846300000.000000
425.409900,1.000000,0.000000,1.000000,-1962898000.000000
1042.866000,1.000000,0.000000,1.000000,-2744736000.000000
3080.186000,1.000000,0.000000,1.000000,-6482486000.000000
120713.000000,1.000000,0.000000,1.000000,-4468563000.000000
2070.372000,1.000000,0.000000,1.000000,-4169412000.000000
1042.379000,1.000000,0.000000,1.000000,-5967720000.000000
720.834500,1.000000,0.000000,1.000000,-913715100.000000
393.942300,1.000000,0.000000,1.000000,-1743368000.000000
275453.100000,1.000000,0.000000,1.000000,-4394460000.000000
689.442400,1.000000,0.000000,1.000000,-1085216000.000000
315.235800,1.000000,0.000000,1.000000,-5325576000.000000
1341.331000,1.000000,0.000000,1.000000,-1584093000.000000
16604.260000,1.000000,0.000000,1.000000,-6454438000.000000
1844.714000,1.000000,0.000000,1.000000,-3258554000.000000
8696.435000,1.000000,0.000000,1.000000,-6563943000.000000
2983.373000,1.000000,0.000000,1.000000,-6534446000.000000
3859.248000,1.000000,0.000000,1.000000,-6511550000.000000
3036.257000,1.000000,0.000000,1.000000,-6534116000.000000
894.022300,1.000000,0.000000,1.000000,-3834844000.000000
410.989300,1.000000,0.000000,1.000000,-1220286000.000000
4233.143000,1.000000,0.000000,1.000000,-6537813000.000000
356.062400,1.000000,0.000000,1.000000,-1288273000.000000
851.877900,1.000000,0.000000,1.000000,-4881262000.000000
2047.199000,1.000000,0.000000,1.000000,-6004454000.000000
2039.350000,1.000000,0.000000,1.000000,-6665947000.000000
2835.656000,1.000000,0.000000,1.000000,-3649284000.000000
1801.078000,1.000000,0.000000,1.000000,-6618180000.000000
2433.621000,1.000000,0.000000,1.000000,-5954225000.000000
3123.486000,1.000000,0.000000,1.000000,-3985624000.000000
626.681600,1.000000,0.000000,1.000000,-1831706000.000000
2111.922000,1.000000,0.000000,1.000000,-5759113000.000000
4818.054000,1.000000,0.000000,1.000000,-823091300.000000
20388.910000,1.000000,0.000000,1.000000,-6086238000.000000
1990004.000000,1.000000,0.000000,1.000000,-2420431000.000000
2551.256000,1.000000,0.000000,1.000000,-6668108000.000000
2189.601000,1.000000,0.000000,1.000000,-3507084000.000000
27718.420000,1.000000,0.000000,1.000000,-5806704000.000000
985.425300,1.000000,0.000000,1.000000,-2208746000.000000
1235.791000,1.000000,0.000000,1.000000,-6662162000.000000
1956.661000,1.000000,0.000000,1.000000,-6660467000.000000
2099.920000,1.000000,0.000000,1.000000,-6627299000.000000
714.976000,1.000000,0.000000,1.000000,-1989369000.000000
328.992300,1.000000,0.000000,1.000000,-1080652000.000000
148.752900,1.000000,0.000000,1.000000,-1300101000.000000
20895.040000,1.000000,0.000000,1.000000,-5883249000.000000
171684.900000,1.000000,0.000000,1.000000,-4759936000.000000
1313.747000,1.000000,0.000000,1.000000,-2991959000.000000
3845.228000,1.000000,0.000000,1.000000,-6522021000.000000
9351.943000,1.000000,0.000000,1.000000,-2743136000.000000
1353.527000,1.000000,0.000000,1.000000,-3539056000.000000
570.815500,1.000000,0.000000,1.000000,-2049433000.000000
1389.910000,1.000000,0.000000,1.000000,-2416379000.000000
4739.173000,1.000000,0.000000,1.000000,-5493443000.000000
315.381800,1.000000,0.000000,1.000000,-911518800.000000
10524.460000,1.000000,0.000000,1.000000,-6290677000.000000
271.515100,1.000000,0.000000,1.000000,-4746229000.000000
2151.601000,1.000000,0.000000,1.000000,-5975341000.000000
442.268100,1.000000,0.000000,1.000000,-2903881000.000000
4009.308000,1.000000,0.000000,1.000000,-6613376000.000000
1515.064000,1.000000,0.000000,1.000000,-2762800000.000000
15391.450000,1.000000,0.000000,1.000000,-5619574000.000000
57384.340000,1.000000,0.000000,1.000000,-5717548000.000000
17080.400000,1.000000,0.000000,1.000000,-5447683000.000000
7381.321000,1.000000,0.000000,1.000000,-1942499000.000000
1604.601000,1.000000,0.000000,1.000000,-6669616000.000000
43942.380000,1.000000,0.000000,1.000000,-6549580000.000000
2779.606000,1.000000,0.000000,1.000000,-5371823000.000000
648.079100,1.000000,0.000000,1.000000,-2767989000.000000
1085.595000,1.000000,0.000000,1.000000,-1098120000.000000
15209.730000,1.000000,0.000000,1.000000,-2757755000.000000
12323.660000,1.000000,0.000000,1.000000,-1736439000.000000
754975.300000,1.000000,0.000000,1.000000,-4047849000.000000
1011.856000,1.000000,0.000000,1.000000,-5261458000.000000
3045.901000,1.000000,0.000000,1.000000,-3931015000.000000
1593.711000,1.000000,0.000000,1.000000,-3020752000.000000
2543.693000,1.000000,0.000000,1.000000,-3615589000.000000
967.146100,1.000000,0.000000,1.000000,-2256697000.000000
825.440200,1.000000,0.000000,1.000000,-2217380000.000000
266380.800000,1.000000,0.000000,1.000000,-4200700000.000000
11983.580000,1.000000,0.000000,1.000000,-6389735000.000000
2137.756000,1.000000,0.000000,1.000000,-4873962000.000000
544.117400,1.000000,0.000000,1.000000,-827343700.000000
1133.912000,1.000000,0.000000,1.000000,-4726082000.000000
665.278800,1.000000,0.000000,1.000000,-1553627000.000000
1275.100000,1.000000,0.000000,1.000000,-6297049000.000000
918.176800,1.000000,0.000000,1.000000,-3070056000.000000
507.791400,1.000000,0.000000,1.000000,-1185680000.000000
990.672000,1.000000,0.000000,1.000000,-3922505000.000000
2273.322000,1.000000,0.000000,1.000000,-2455625000.000000
1058.639000,1.000000,0.000000,1.000000,-4029608000.000000
1390.468000,1.000000,0.000000,1.000000,-6381378000.000000
32338.380000,1.000000,0.000000,1.000000,-5638562000.000000
807.969400,1.000000,0.000000,1.000000,-3086570000.000000
3623.644000,1.000000,0.000000,1.000000,-6239407000.000000
11588.330000,1.000000,0.000000,1.000000,-6469741000.000000
49421.140000,1.000000,0.000000,1.000000,-5230056000.000000
2094.128000,1.000000,0.000000,1.000000,-1057428000.000000
1372.480000,1.000000,0.000000,1.000000,-1590268000.000000
1035.221000,1.000000,0.000000,1.000000,-6258979000.000000
503.969100,1.000000,0.000000,1.000000,-1910384000.000000
4863.588000,1.000000,0.000000,1.000000,-6661662000.000000
1549.090000,1.000000,0.000000,1.000000,-4263798000.000000
455.213300,1.000000,0.000000,1.000000,-1347545000.000000
234868.700000,1.000000,0.000000,1.000000,-4444667000.000000
3941.364000,1.000000,0.000000,1.000000,-2231184000.000000
325.801100,1.000000,0.000000,1.000000,-1731318000.000000
2085.641000,1.000000,0.000000,1.000000,-5322422000.000000
56140.250000,1.000000,0.000000,1.000000,-6324623000.000000
26261.650000,1.000000,0.000000,1.000000,-6587312000.000000
3824.986000,1.000000,0.000000,1.000000,-474957200.000000
804.571000,1.000000,0.000000,1.000000,-1786752000.000000
1994.265000,1.000000,0.000000,1.000000,-6667362000.000000
4030.354000,1.000000,0.000000,1.000000,-359053900.000000
8829.812000,1.000000,0.000000,1.000000,-1536120000.000000
22460.660000,1.000000,0.000000,1.000000,-4980260000.000000
360.286400,1.000000,0.000000,1.000000,-1435015000.000000
109.320800,1.000000,0.000000,1.000000,-900808000.000000
158.905900,1.000000,0.000000,1.000000,-668618700.000000
4603.307000,1.000000,0.000000,1.000000,-6396539000.000000
4133.600000,1.000000,0.000000,1.000000,-749891300.000000
19460.690000,1.000000,0.000000,1.000000,-6447939000.000000
628.573000,1.000000,0.000000,1.000000,-3191786000.000000
1199.368000,1.000000,0.000000,1.000000,-1405456000.000000
3083.366000,1.000000,0.000000,1.000000,-6425460000.000000
33221.790000,1.000000,0.000000,1.000000,-4718632000.000000
253.300100,1.000000,0.000000,1.000000,-1465791000.000000
409.577000,1.000000,0.000000,1.000000,-989541200.000000
986.850700,1.000000,0.000000,1.000000,-3510435000.000000
1077.432000,1.000000,0.000000,1.000000,-3641942000.000000
2866.995000,1.000000,0.000000,1.000000,-6579737000.000000
10502.600000,1.000000,0.000000,1.000000,-3958202000.000000
310713.900000,1.000000,0.000000,1.000000,-4924089000.000000
1384.274000,1.000000,0.000000,1.000000,-238124900.000000
471.867200,1.000000,0.000000,1.000000,-1886455000.000000
3241.978000,1.000000,0.000000,1.000000,-2671938000.000000
1866.730000,1.000000,0.000000,1.000000,-1411194000.000000
3601.897000,1.000000,0.000000,1.000000,-6601086000.000000
6489.475000,1.000000,0.000000,1.000000,-5990392000.000000
56858.600000,1.000000,0.000000,1.000000,-5980842000.000000
36571.700000,1.000000,0.000000,1.000000,-5736158000.000000
8364.740000,1.000000,0.000000,1.000000,-6048754000.000000
5584.601000,1.000000,0.000000,1.000000,-2375061000.000000
369.741600,1.000000,0.000000,1.000000,-1965200000.000000
137666.100000,1.000000,0.000000,1.000000,-4991759000.000000
1671.689000,1.000000,0.000000,1.000000,-6666716000.000000
1519.775000,1.000000,0.000000,1.000000,-6283253000.000000
2996.792000,1.000000,0.000000,1.000000,-2055670000.000000
1326.948000,1.000000,0.000000,1.000000,-6671329000.000000
123099.100000,1.000000,0.000000,1.000000,-4506500000.000000
398.889000,1.000000,0.000000,1.000000,-1255057000.000000
194012.500000,1.000000,0.000000,1.000000,-5847779000.000000
607.648300,1.000000,0.000000,1.000000,-1434031000.000000
130537.300000,1.000000,0.000000,1.000000,-5396404000.000000
894.046300,1.000000,0.000000,1.000000,-1049549000.000000
691.196400,1.000000,0.000000,1.000000,-2262156000.000000
377.863400,1.000000,0.000000,1.000000,-1362133000.000000
738.412100,1.000000,0.000000,1.000000,-3857190000.000000
12972.900000,1.000000,0.000000,1.000000,-5668377000.000000
1725.513000,1.000000,0.000000,1.000000,-3707758000.000000
316917.100000,1.000000,0.000000,1.000000,-4318614000.000000
19916.590000,1.000000,0.000000,1.000000,-6216432000.000000
20562.520000,1.000000,0.000000,1.000000,-6117226000.000000
553.652500,1.000000,0.000000,1.000000,-1918823000.000000
4767.116000,1.000000,0.000000,1.000000,-5758540000.000000
95403.870000,1.000000,0.000000,1.000000,-4561544000.000000
667.462400,1.000000,0.000000,1.000000,-2134290000.000000
346.513500,1.000000,0.000000,1.000000,-1323241000.000000
1350.098000,1.000000,0.000000,1.000000,-1876692000.000000
2882.225000,1.000000,0.000000,1.000000,-6159460000.000000
513.637000,1.000000,0.000000,1.000000,-1867088000.000000
1239.457000,1.000000,0.000000,1.000000,-3373734000.000000
1811.296000,1.000000,0.000000,1.000000,-6427163000.000000
473314.000000,1.000000,0.000000,1.000000,-3904568000.000000
10837.630000,1.000000,0.000000,1.000000,-3225207000.000000
692.982700,1.000000,0.000000,1.000000,-1689698000.000000
9129.364000,1.000000,0.000000,1.000000,-6255711000.000000
1038.014000,1.000000,0.000000,1.000000,-543063400.000000
75604.260000,1.000000,0.000000,1.000000,-5048593000.000000
942.076100,1.000000,0.000000,1.000000,-3519945000.000000
2074.413000,1.000000,0.000000,1.000000,-6645773000.000000
9823.142000,1.000000,0.000000,1.000000,-6581596000.000000
489918.800000,1.000000,0.000000,1.000000,-4421824000.000000
463.457200,1.000000,0.000000,1.000000,-1527075000.000000
2877.901000,1.000000,0.000000,1.000000,-2867035000.000000
757.747100,1.000000,0.000000,1.000000,-2602920000.000000
115310.300000,1.000000,0.000000,1.000000,-5162112000.000000
7533.161000,1.000000,0.000000,1.000000,-5608250000.000000
509.186800,1.000000,0.000000,1.000000,-2023274000.000000
2163.530000,1.000000,0.000000,1.000000,-2972394000.000000
292.676200,1.000000,0.000000,1.000000,-2254941000.000000
1673.149000,1.000000,0.000000,1.000000,-6639977000.000000
35736.890000,1.000000,0.000000,1.000000,-6504421000.000000
1306.132000,1.000000,0.000000,1.000000,-2534699000.000000
881.132000,1.000000,0.000000,1.000000,-5955950000.000000
993.608500,1.000000,0.000000,1.000000,-6380384000.000000
476.285800,1.000000,0.000000,1.000000,-1464464000.000000
2757.895000,1.000000,0.000000,1.000000,-6529838000.000000
3237.124000,1.000000,0.000000,1.000000,-6660102000.000000
240.030500,1.000000,0.000000,1.000000,-1703733000.000000
2514.597000,1.000000,0.000000,1.000000,-6656014000.000000
868.979600,1.000000,0.000000,1.000000,-2718921000.000000
1262.156000,1.000000,0.000000,1.000000,-3659480000.000000
4661.124000,1.000000,0.000000,1.000000,-6661231000.000000
247.575500,1.000000,0.000000,1.000000,-2096084000.000000
6565.016000,1.000000,0.000000,1.000000,-5850427000.000000
1168.193000,1.000000,0.000000,1.000000,-3823787000.000000
501.523500,1.000000,0.000000,1.000000,-2057255000.000000
3735.897000,1.000000,0.000000,1.000000,-2701807000.000000
772.082800,1.000000,0.000000,1.000000,-1974451000.000000
1047.518000,1.000000,0.000000,1.000000,-3867982000.000000
974.647800,1.000000,0.000000,1.000000,-1830241000.000000
676.481300,1.000000,0.000000,1.000000,-1123211000.000000
6619.411000,1.000000,0.000000,1.000000,-6300579000.000000
43069.820000,1.000000,0.000000,1.000000,-6092668000.000000
2653.574000,1.000000,0.000000,1.000000,-227777900.000000
449.313800,1.000000,0.000000,1.000000,-910246300.000000
1056.135000,1.000000,0.000000,1.000000,-3889436000.000000
7054.176000,1.000000,0.000000,1.000000,-6602448000.000000
1367.695000,1.000000,0.000000,1.000000,-3554638000.000000
257.028000,1.000000,0.000000,1.000000,-1640230000.000000
508.336400,1.000000,0.000000,1.000000,-6117030000.000000
847.956100,1.000000,0.000000,1.000000,-1980968000.000000
736.219900,1.000000,0.000000,1.000000,-3819537000.000000
1575.374000,1.000000,0.000000,1.000000,-2883305000.000000
75339.830000,1.000000,0.000000,1.000000,-6156760000.000000
226.837400,1.000000,0.000000,1.000000,-1378066000.000000
540745.700000,1.000000,0.000000,1.000000,-3998351000.000000
2703.123000,1.000000,0.000000,1.000000,-6664597000.000000
34154.620000,1.000000,0.000000,1.000000,-5223605000.000000
7644.125000,1.000000,0.000000,1.000000,-4940579000.000000
145.617100,1.000000,0.000000,1.000000,-933549200.000000
6756.229000,1.000000,0.000000,1.000000,-2084687000.000000
88861.860000,1.000000,0.000000,1.000000,-6435868000.000000
6469.677000,1.000000,0.000000,1.000000,-6641559000.000000
3933.492000,1.000000,0.000000,1.000000,-4698872000.000000
642.718100,1.000000,0.000000,1.000000,-440972700.000000
2634.536000,1.000000,0.000000,1.000000,-6661816000.000000
16191.330000,1.000000,0.000000,1.000000,-6484732000.000000
1010.886000,1.000000,0.000000,1.000000,-1788279000.000000
1135.908000,1.000000,0.000000,1.000000,-6147214000.000000
22634.810000,1.000000,0.000000,1.000000,-5546725000.000000
2956.294000,1.000000,0.000000,1.000000,-6665474000.000000
520.163500,1.000000,0.000000,1.000000,-3230111000.000000
268725.300000,1.000000,0.000000,1.000000,-4569720000.000000
144.691700,1.000000,0.000000,1.000000,-906575100.000000
6546.872000,1.000000,0.000000,1.000000,-6298094000.000000
3438.286000,1.000000,0.000000,1.000000,-2773912000.000000
1013.039000,1.000000,0.000000,1.000000,-2837978000.000000
475.661400,1.000000,0.000000,1.000000,-1232038000.000000
4045.563000,1.000000,0.000000,1.000000,-6278484000.000000
1289.421000,1.000000,0.000000,1.000000,-3113733000.000000
5187.800000,1.000000,0.000000,1.000000,-2066303000.000000
1737.793000,1.000000,0.000000,1.000000,-5858345000.000000
171.439200,1.000000,0.000000,1.000000,-1077670000.000000
915.415300,1.000000,0.000000,1.000000,-4135740000.000000
254362.000000,1.000000,0.000000,1.000000,-4788524000.000000
1773.779000,1.000000,0.000000,1.000000,-4438101000.000000
2696.173000,1.000000,0.000000,1.000000,-6632207000.000000
1982.795000,1.000000,0.000000,1.000000,-947364000.000000
769.029500,1.000000,0.000000,1.000000,-5524789000.000000
5667.063000,1.000000,0.000000,1.000000,-432851800.000000
1792.259000,1.000000,0.000000,1.000000,-6501200000.000000
173.090400,1.000000,0.000000,1.000000,-772559600.000000
364.720100,1.000000,0.000000,1.000000,-2538768000.000000
421.773400,1.000000,0.000000,1.000000,-6547938000.000000
65251.230000,1.000000,0.000000,1.000000,-5920312000.000000
428.608000,1.000000,0.000000,1.000000,-2141445000.000000
699.660000,1.000000,0.000000,1.000000,-3726364000.000000
1259.800000,1.000000,0.000000,1.000000,-6430531000.000000
12361.880000,1.000000,0.000000,1.000000,-5205554000.000000
942.803100,1.000000,0.000000,1.000000,-1785105000.000000
5132.633000,1.000000,0.000000,1.000000,-6608281000.000000
9686.435000,1.000000,0.000000,1.000000,-5910698000.000000
2410.266000,1.000000,0.000000,1.000000,-5443746000.000000
1196.282000,1.000000,0.000000,1.000000,-2696217000.000000
5148.846000,1.000000,0.000000,1.000000,-6593325000.000000
2065.459000,1.000000,0.000000,1.000000,-1228840000.000000
332.619800,1.000000,0.000000,1.000000,-1873513000.000000
707.520300,1.000000,0.000000,1.000000,-2612841000.000000
3592.709000,1.000000,0.000000,1.000000,-1222941000.000000
3115.801000,1.000000,0.000000,1.000000,-3625837000.000000
312.586800,1.000000,0.000000,1.000000,-6270373000.000000
4266.694000,1.000000,0.000000,1.000000,-5810995000.000000
3421.321000,1.000000,0.000000,1.000000,-3977039000.000000
4147.709000,1.000000,0.000000,1.000000,-4283588000.000000
15203.930000,1.000000,0.000000,1.000000,-5988053000.000000
11435.060000,1.000000,0.000000,1.000000,-6392366000.000000
2946.313000,1.000000,0.000000,1.000000,-6056293000.000000
4165.629000,1.000000,0.000000,1.000000,-5943501000.000000
1359.665000,1.000000,0.000000,1.000000,-2851661000.000000
1080.294000,1.000000,0.000000,1.000000,-2732802000.000000
2031.047000,1.000000,0.000000,1.000000,-3454834000.000000
165.757800,1.000000,0.000000,1.000000,-1320236000.000000
1201.834000,1.000000,0.000000,1.000000,-2612994000.000000
14694.770000,1.000000,0.000000,1.000000,-5954387000.000000
307.878300,1.000000,0.000000,1.000000,-1460421000.000000
9112.703000,1.000000,0.000000,1.000000,-3459077000.000000
71298.190000,1.000000,0.000000,1.000000,-6360904000.000000
299.327200,1.000000,0.000000,1.000000,-2738919000.000000
53806.130000,1.000000,0.000000,1.000000,-5876452000.000000
3773.470000,1.000000,0.000000,1.000000,-4458508000.000000
1355.077000,1.000000,0.000000,1.000000,-2883101000.000000
3711.284000,1.000000,0.000000,1.000000,-5843211000.000000
13244.590000,1.000000,0.000000,1.000000,-5926070000.000000
313.547400,1.000000,0.000000,1.000000,-1360479000.000000
5675.099000,1.000000,0.000000,1.000000,-6650305000.000000
2368.624000,1.000000,0.000000,1.000000,-4478251000.000000
313.994800,1.000000,0.000000,1.000000,-1092930000.000000
1424.692000,1.000000,0.000000,1.000000,-3388363000.000000
3594.676000,1.000000,0.000000,1.000000,-6645045000.000000
418.272300,1.000000,0.000000,1.000000,-1048299000.000000
5774.092000,1.000000,0.000000,1.000000,-1228838000.000000
2963.084000,1.000000,0.000000,1.000000,-6623340000.000000
1882.571000,1.000000,0.000000,1.000000,-2232481000.000000
3908.391000,1.000000,0.000000,1.000000,-2091839000.000000
3228.028000,1.000000,0.000000,1.000000,-6573363000.000000
1902.562000,1.000000,0.000000,1.000000,-712732800.000000
4629.482000,1.000000,0.000000,1.000000,-5838282000.000000
7767.890000,1.000000,0.000000,1.000000,-5579808000.000000
3588.173000,1.000000,0.000000,1.000000,-6644593000.000000
29923.390000,1.000000,0.000000,1.000000,-6461204000.000000
2411.885000,1.000000,0.000000,1.000000,-5533398000.000000
890.411700,1.000000,0.000000,1.000000,-6343156000.000000
374.716400,1.000000,0.000000,1.000000,-1329450000.000000
881.301700,1.000000,0.000000,1.000000,-5301864000.000000
379.171600,1.000000,0.000000,1.000000,-1452972000.000000
1949.939000,1.000000,0.000000,1.000000,-4452977000.000000
6202.926000,1.000000,0.000000,1.000000,-6527516000.000000
1664.402000,1.000000,0.000000,1.000000,-4643658000.000000
2133.424000,1.000000,0.000000,1.000000,-6668780000.000000
298395.200000,1.000000,0.000000,1.000000,-5754814000.000000
25747.930000,1.000000,0.000000,1.000000,-4910019000.000000
1137.189000,1.000000,0.000000,1.000000,-1275522000.000000
379.960900,1.000000,0.000000,1.000000,-2074355000.000000
1871.708000,1.000000,0.000000,1.000000,-4599682000.000000
153.156000,1.000000,0.000000,1.000000,-1114115000.000000
426.456400,1.000000,0.000000,1.000000,-1955130000.000000
2066.782000,1.000000,0.000000,1.000000,-239461000.000000
2383.397000,1.000000,0.000000,1.000000,-2362160000.000000
2649.509000,1.000000,0.000000,1.000000,-6255252000.000000
2132.479000,1.000000,0.000000,1.000000,-3786028000.000000
2939.432000,1.000000,0.000000,1.000000,-565736800.000000
460.081700,1.000000,0.000000,1.000000,-1621665000.000000
4531.595000,1.000000,0.000000,1.000000,-6445121000.000000
717.606000,1.000000,0.000000,1.000000,-1367705000.000000
534.968000,1.000000,0.000000,1.000000,-3272812000.000000
1359.302000,1.000000,0.000000,1.000000,-3729424000.000000
1807.578000,1.000000,0.000000,1.000000,-445409800.000000
130.018200,1.000000,0.000000,1.000000,-1088316000.000000
7100.986000,1.000000,0.000000,1.000000,-773081300.000000
7916.061000,1.000000,0.000000,1.000000,-5530316000.000000
1072.957000,1.000000,0.000000,1.000000,-2977332000.000000
1608.624000,1.000000,0.000000,1.000000,-5155163000.000000
1825.170000,1.000000,0.000000,1.000000,-1439954000.000000
384.954800,1.000000,0.000000,1.000000,-3359561000.000000
58652.090000,1.000000,0.000000,1.000000,-5992893000.000000
529.234400,1.000000,0.000000,1.000000,-3565004000.000000
941.121200,1.000000,0.000000,1.000000,-3158250000.000000
4401.812000,1.000000,0.000000,1.000000,-1083003000.000000
9154.313000,1.000000,0.000000,1.000000,-5663771000.000000
954.128600,1.000000,0.000000,1.000000,-5552572000.000000
657.062400,1.000000,0.000000,1.000000,-1444288000.000000
421.654500,1.000000,0.000000,1.000000,-1230398000.000000
584.962600,1.000000,0.000000,1.000000,-2124663000.000000
15864.220000,1.000000,0.000000,1.000000,-4889242000.000000
84711.800000,1.000000,0.000000,1.000000,-6105948000.000000
3609.607000,1.000000,0.000000,1.000000,-3141639000.000000
4157.929000,1.000000,0.000000,1.000000,-6511994000.000000
1118.591000,1.000000,0.000000,1.000000,-1378067000.000000
55573.670000,1.000000,0.000000,1.000000,-4781284000.000000
572.299400,1.000000,0.000000,1.000000,-2110055000.000000
9488.764000,1.000000,0.000000,1.000000,-6159351000.000000
301954.800000,1.000000,0.000000,1.000000,-4234581000.000000
18071.670000,1.000000,0.000000,1.000000,-6226215000.000000
855.152600,1.000000,0.000000,1.000000,-3067703000.000000
785.809700,1.000000,0.000000,1.000000,-2074505000.000000
1359.286000,1.000000,0.000000,1.000000,-6204967000.000000
369.745800,1.000000,0.000000,1.000000,-930191300.000000
64360.420000,1.000000,0.000000,1.000000,-5506173000.000000
2498.585000,1.000000,0.000000,1.000000,-4632239000.000000
2196.106000,1.000000,0.000000,1.000000,-6650469000.000000
161.724100,1.000000,0.000000,1.000000,-1229984000.000000
798.818900,1.000000,0.000000,1.000000,-1405901000.000000
1261.329000,1.000000,0.000000,1.000000,-4869252000.000000
3768.646000,1.000000,0.000000,1.000000,-4151832000.000000
530.748800,1.000000,0.000000,1.000000,-3338895000.000000
1842.159000,1.000000,0.000000,1.000000,-3709565000.000000
20570.790000,1.000000,0.000000,1.000000,-6479425000.000000
4675.269000,1.000000,0.000000,1.000000,-4426444000.000000
460.983100,1.000000,0.000000,1.000000,-2139597000.000000
1581.552000,1.000000,0.000000,1.000000,-5722123000.000000
561.294600,1.000000,0.000000,1.000000,-1526750000.000000
482.253200,1.000000,0.000000,1.000000,-1392970000.000000
5279.183000,1.000000,0.000000,1.000000,-3323965000.000000
178.296500,1.000000,0.000000,1.000000,-1029807000.000000
1282.770000,1.000000,0.000000,1.000000,-1889029000.000000
21708.850000,1.000000,0.000000,1.000000,-6394850000.000000
35967.880000,1.000000,0.000000,1.000000,-6438539000.000000
285.445900,1.000000,0.000000,1.000000,-1589640000.000000
199383.900000,1.000000,0.000000,1.000000,-4795365000.000000
849.227900,1.000000,0.000000,1.000000,-520827700.000000
43222.820000,1.000000,0.000000,1.000000,-5081224000.000000
81614.580000,1.000000,0.000000,1.000000,-4463276000.000000
739.362100,1.000000,0.000000,1.000000,-1493032000.000000
7081.886000,1.000000,0.000000,1.000000,-6581639000.000000
4714.257000,1.000000,0.000000,1.000000,-6631636000.000000
5501.078000,1.000000,0.000000,1.000000,-1829646000.000000
648.620600,1.000000,0.000000,1.000000,-1457995000.000000
124313.100000,1.000000,0.000000,1.000000,-5478161000.000000
301.905600,1.000000,0.000000,1.000000,-1322121000.000000
480.962900,1.000000,0.000000,1.000000,-1340148000.000000
184.412000,1.000000,0.000000,1.000000,-752454400.000000
318.244000,1.000000,0.000000,1.000000,-2161186000.000000
230443.800000,1.000000,0.000000,1.000000,-4598444000.000000
12863.010000,1.000000,0.000000,1.000000,-6410293000.000000
2290.265000,1.000000,0.000000,1.000000,-6396787000.000000
860.557300,1.000000,0.000000,1.000000,-887863100.000000
2491.225000,1.000000,0.000000,1.000000,-3403039000.000000
892.450300,1.000000,0.000000,1.000000,-3300704000.000000
3820.114000,1.000000,0.000000,1.000000,-6614446000.000000
4254.633000,1.000000,0.000000,1.000000,-6357380000.000000
1069.886000,1.000000,0.000000,1.000000,-2125558000.000000
3036.504000,1.000000,0.000000,1.000000,-4223345000.000000
691.394000,1.000000,0.000000,1.000000,-831767500.000000
7236.540000,1.000000,0.000000,1.000000,-4653671000.000000
385.388000,1.000000,0.000000,1.000000,-2053980000.000000
301.307600,1.000000,0.000000,1.000000,-1559529000.000000
40598.810000,1.000000,0.000000,1.000000,-6562978000.000000
754.408700,1.000000,0.000000,1.000000,-4151739000.000000
444.897800,1.000000,0.000000,1.000000,-1830431000.000000
5152.597000,1.000000,0.000000,1.000000,-6002966000.000000
574.340800,1.000000,0.000000,1.000000,-3462103000.000000
23838.240000,1.000000,0.000000,1.000000,-6564848000.000000
2757.358000,1.000000,0.000000,1.000000,-1271656000.000000
1794.632000,1.000000,0.000000,1.000000,-5268174000.000000
10342.000000,1.000000,0.000000,1.000000,-5673864000.000000
1102.704000,1.000000,0.000000,1.000000,-5070243000.000000
807.401500,1.000000,0.000000,1.000000,-3088837000.000000
5609.814000,1.000000,0.000000,1.000000,-2879725000.000000
1846.281000,1.000000,0.000000,1.000000,-2757239000.000000
328.975600,1.000000,0.000000,1.000000,-1817400000.000000
621.839100,1.000000,0.000000,1.000000,-5876848000.000000
10225.500000,1.000000,0.000000,1.000000,-6317103000.000000
240.578900,1.000000,0.000000,1.000000,-899200800.000000
3798.872000,1.000000,0.000000,1.000000,-5883543000.000000
4429.894000,1.000000,0.000000,1.000000,-6524629000.000000
3407.098000,1.000000,0.000000,1.000000,-6566500000.000000
5338.563000,1.000000,0.000000,1.000000,-3505526000.000000
5085.316000,1.000000,0.000000,1.000000,-1616067000.000000
1904.379000,1.000000,0.000000,1.000000,-5853735000.000000
316.884600,1.000000,0.000000,1.000000,-2167310000.000000
714.374600,1.000000,0.000000,1.000000,-2097918000.000000
498.416500,1.000000,0.000000,1.000000,-2386523000.000000
4812.047000,1.000000,0.000000,1.000000,-6446185000.000000
981.140900,1.000000,0.000000,1.000000,-1780684000.000000
53477.740000,1.000000,0.000000,1.000000,-5162843000.000000
3226.708000,1.000000,0.000000,1.000000,-1110429000.000000
3676.156000,1.000000,0.000000,1.000000,-5382055000.000000
496.537200,1.000000,0.000000,1.000000,-1551591000.000000
747.942800,1.000000,0.000000,1.000000,-1387654000.000000
1109.188000,1.000000,0.000000,1.000000,-3557628000.000000
1996.247000,1.000000,0.000000,1.000000,-6406578000.000000
10191.690000,1.000000,0.000000,1.000000,-2984373000.000000
4411.076000,1.000000,0.000000,1.000000,-791789200.000000
2273.257000,1.000000,0.000000,1.000000,-5592290000.000000
2814.597000,1.000000,0.000000,1.000000,-1909845000.000000
348.782700,1.000000,0.000000,1.000000,-1710315000.000000
716.074800,1.000000,0.000000,1.000000,-6649159000.000000
16127.510000,1.000000,0.000000,1.000000,-5557510000.000000
636.491700,1.000000,0.000000,1.000000,-1507712000.000000
1766.037000,1.000000,0.000000,1.000000,-6661494000.000000
981.231600,1.000000,0.000000,1.000000,-4851590000.000000
1209.828000,1.000000,0.000000,1.000000,-986589100.000000
424.218800,1.000000,0.000000,1.000000,-1948435000.000000
352.534600,1.000000,0.000000,1.000000,-2063873000.000000
1395.241000,1.000000,0.000000,1.000000,-6522086000.000000
748.877600,1.000000,0.000000,1.000000,-2229390000.000000
503554.300000,1.000000,0.000000,1.000000,-4539277000.000000
931.386300,1.000000,0.000000,1.000000,-147304900.000000
1107101.000000,1.000000,0.000000,1.000000,-3669763000.000000
32128.490000,1.000000,0.000000,1.000000,-5129962000.000000
1452.461000,1.000000,0.000000,1.000000,-1800043000.000000
935.161100,1.000000,0.000000,1.000000,-4729538000.000000
6827.286000,1.000000,0.000000,1.000000,-1387428000.000000
20974.420000,1.000000,0.000000,1.000000,-6330179000.000000
269601.900000,1.000000,0.000000,1.000000,-4862655000.000000
2217.189000,1.000000,0.000000,1.000000,-1748216000.000000
3056.361000,1.000000,0.000000,1.000000,-3189979000.000000
602.665900,1.000000,0.000000,1.000000,-3726333000.000000
2175.119000,1.000000,0.000000,1.000000,-985629400.000000
31268.370000,1.000000,0.000000,1.000000,-5752882000.000000
1615.888000,1.000000,0.000000,1.000000,-767381100.000000
44048.140000,1.000000,0.000000,1.000000,-6462734000.000000
225.613600,1.000000,0.000000,1.000000,-1726010000.000000
918.503300,1.000000,0.000000,1.000000,-4348315000.000000
919.842000,1.000000,0.000000,1.000000,-3276624000.000000
1024.706000,1.000000,0.000000,1.000000,-1708886000.000000
559.820400,1.000000,0.000000,1.000000,-1732292000.000000
1065.512000,1.000000,0.000000,1.000000,-1637144000.000000
195438.400000,1.000000,0.000000,1.000000,-4271349000.000000
684.239200,1.000000,0.000000,1.000000,-1863093000.000000
819.458900,1.000000,0.000000,1.000000,-183763600.000000
1711.039000,1.000000,0.000000,1.000000,-982597300.000000
1963.693000,1.000000,0.000000,1.000000,-829470200.000000
600.044800,1.000000,0.000000,1.000000,-4994770000.000000
4286.206000,1.000000,0.000000,1.000000,-2234252000.000000
2839.139000,1.000000,0.000000,1.000000,-2769560000.000000
945.027500,1.000000,0.000000,1.000000,-3070050000.000000
545.261300,1.000000,0.000000,1.000000,-946982700.000000
26128.430000,1.000000,0.000000,1.000000,-6410766000.000000
2629.616000,1.000000,0.000000,1.000000,-6272874000.000000
1141.772000,1.000000,0.000000,1.000000,-6638941000.000000
588.135500,1.000000,0.000000,1.000000,-5288042000.000000
65795.720000,1.000000,0.000000,1.000000,-6367337000.000000
1220.498000,1.000000,0.000000,1.000000,-2293660000.000000
1335.852000,1.000000,0.000000,1.000000,-6429731000.000000
884.596800,1.000000,0.000000,1.000000,-4064935000.000000
365.768900,1.000000,0.000000,1.000000,-1652676000.000000
4280.125000,1.000000,0.000000,1.000000,-2927142000.000000
2680.252000,1.000000,0.000000,1.000000,-4446459000.000000
7315.574000,1.000000,0.000000,1.000000,-5576047000.000000
2490.471000,1.000000,0.000000,1.000000,-6376242000.000000
9984.221000,1.000000,0.000000,1.000000,-5760568000.000000
227.346500,1.000000,0.000000,1.000000,-938657800.000000
1035.789000,1.000000,0.000000,1.000000,-6667841000.000000
716.734700,1.000000,0.000000,1.000000,-2607049000.000000
953.166400,1.000000,0.000000,1.000000,-3260667000.000000
2927.639000,1.000000,0.000000,1.000000,-2107231000.000000
979068.300000,1.000000,0.000000,1.000000,-3282965000.000000
2769.008000,1.000000,0.000000,1.000000,-3277184000.000000
2921.421000,1.000000,0.000000,1.000000,-5035629000.000000
8034.592000,1.000000,0.000000,1.000000,-5677914000.000000
2485.870000,1.000000,0.000000,1.000000,-6046295000.000000
550.849100,1.000000,0.000000,1.000000,-1727841000.000000
9947.178000,1.000000,0.000000,1.000000,-6617256000.000000
1087.856000,1.000000,0.000000,1.000000,-6569103000.000000
2308.834000,1.000000,0.000000,1.000000,-6667783000.000000
190.388200,1.000000,0.000000,1.000000,-1243561000.000000
217.379200,1.000000,0.000000,1.000000,-1545871000.000000
1472.006000,1.000000,0.000000,1.000000,-1700150000.000000
5464.565000,1.000000,0.000000,1.000000,-5042860000.000000
3099.988000,1.000000,0.000000,1.000000,-4196083000.000000
16133.220000,1.000000,0.000000,1.000000,-5197240000.000000
284.710600,1.000000,0.000000,1.000000,-2848733000.000000
675.452600,1.000000,0.000000,1.000000,-1101045000.000000
636.202200,1.000000,0.000000,1.000000,-1981087000.000000
371.735700,1.000000,0.000000,1.000000,-1108984000.000000
926.554000,1.000000,0.000000,1.000000,-3874468000.000000
2363.371000,1.000000,0.000000,1.000000,-5438377000.000000
831.788600,1.000000,0.000000,1.000000,-1883507000.000000
1783.724000,1.000000,0.000000,1.000000,-5675306000.000000
664.247200,1.000000,0.000000,1.000000,-2685033000.000000
3939.981000,1.000000,0.000000,1.000000,-1607356000.000000
252.196000,1.000000,0.000000,1.000000,-1817926000.000000
1654.071000,1.000000,0.000000,1.000000,-3564759000.000000
2076.451000,1.000000,0.000000,1.000000,-3848804000.000000
1522.697000,1.000000,0.000000,1.000000,-1340084000.000000
275592.100000,1.000000,0.000000,1.000000,-5357562000.000000
7934.761000,1.000000,0.000000,1.000000,-6581191000.000000
1014.459000,1.000000,0.000000,1.000000,-5993273000.000000
59411.410000,1.000000,0.000000,1.000000,-6185370000.000000
121357.900000,1.000000,0.000000,1.000000,-5236720000.000000
3647.521000,1.000000,0.000000,1.000000,-6631815000.000000
412.879300,1.000000,0.000000,1.000000,-4834033000.000000
312.463500,1.000000,0.000000,1.000000,-1417424000.000000
2747.978000,1.000000,0.000000,1.000000,-2881827000.000000
654.241400,1.000000,0.000000,1.000000,-850312600.000000
5652.751000,1.000000,0.000000,1.000000,-5718296000.000000
1082.539000,1.000000,0.000000,1.000000,-3396811000.000000
732.299200,1.000000,0.000000,1.000000,-5545134000.000000
505.081300,1.000000,0.000000,1.000000,-6274395000.000000
31373.190000,1.000000,0.000000,1.000000,-6588718000.000000
839.265700,1.000000,0.000000,1.000000,-3259830000.000000
3504.962000,1.000000,0.000000,1.000000,-1885442000.000000
2846.603000,1.000000,0.000000,1.000000,-4398439000.000000
4748.179000,1.000000,0.000000,1.000000,-6016412000.000000
3656.127000,1.000000,0.000000,1.000000,-2622869000.000000
9540.704000,1.000000,0.000000,1.000000,-5201402000.000000
237.273300,1.000000,0.000000,1.000000,-930816800.000000
30066.950000,1.000000,0.000000,1.000000,-6348524000.000000
1404.033000,1.000000,0.000000,1.000000,-4715001000.000000
132643.600000,1.000000,0.000000,1.000000,-4621393000.000000
1848.112000,1.000000,0.000000,1.000000,-5043562000.000000
927502.900000,1.000000,0.000000,1.000000,-3839245000.000000
384.267400,1.000000,0.000000,1.000000,-960818000.000000
715.134000,1.000000,0.000000,1.000000,-2086662000.000000
49951.480000,1.000000,0.000000,1.000000,-6343480000.000000
3613.691000,1.000000,0.000000,1.000000,-6453050000.000000
21739.290000,1.000000,0.000000,1.000000,-6093982000.000000
